monitor_id,catalog_ids,evidence_group,integration_routes,action_or_policy,litigation_posture,source_record_ids,source_family,monitoring_status,revisit_trigger,last_checked,notes
MON-0001,TAC-JS2-003,EP-7D0E39A8B591,HOR-033,Accessibility,open or interlocutory; Case Pending=1; Government Action Temporarily Blocked=1,SRC-0913; SRC-0338,Just Security litigation tracker,active-defined-predicate,"Final merits ruling, controlling threshold decision, dismissal, settlement or withdrawal, or another material change in posture.",2026-07-15,Formal Horizon source with an active or unresolved external posture.
MON-0002,TAC-JS2-004,EP-10E132E9D416,RET-001,Action Against Law Firms and Lawyers (Executive Order 14230 - Perkins Coie) (Executive Order 14246 - Jenner & Block) (Executive Order - WilmerHale) (Presidential Memorandum),open or interlocutory; Case Closed/Dismissed in Favor of Government=1; Case Pending=2; Government Action Blocked=4; Government Action Temporarily Blocked in Part; Temporary Block Denied in Part=1,SRC-0914; SRC-0338,Just Security litigation tracker,active-defined-predicate,"Final merits ruling, controlling threshold decision, dismissal, settlement or withdrawal, or another material change in posture.",2026-07-15,Current litigation retained until a final merits or controlling threshold disposition.
MON-0003,TAC-JS2-005,EP-6EE76A95DE18,RIGHTS-001,Actions Against LGBTQ+ Government Employees,open or interlocutory; Case Pending=2,SRC-0915; SRC-0916; SRC-0338,Just Security litigation tracker,active-defined-predicate,"Final merits ruling, controlling threshold decision, dismissal, settlement or withdrawal, or another material change in posture.",2026-07-15,Current litigation retained until a final merits or controlling threshold disposition.
MON-0004,TAC-JS2-006,EP-3B04EB8136ED,EMERG-003,Actions Toward International Criminal Court (Executive Order 14203 Imposing Sanctions on the International Criminal Court),open or interlocutory; Case Closed=1; Case Pending=2; Government Action Blocked=1; Government Action Temporarily Blocked=1,SRC-0917; SRC-0918; SRC-0338,Just Security litigation tracker,active-defined-predicate,"Final merits ruling, controlling threshold decision, dismissal, settlement or withdrawal, or another material change in posture.",2026-07-15,Current litigation retained until a final merits or controlling threshold disposition.
MON-0005,TAC-JS2-007,EP-C93172BD9CED,REG-001,Actions Toward US Institute of Peace,open or interlocutory; Government Action Not Blocked (Pending Appeal)=1; Temporary Block of Government Action Denied=1,SRC-0919; SRC-0338,Just Security litigation tracker,active-defined-predicate,"Final merits ruling, controlling threshold decision, dismissal, settlement or withdrawal, or another material change in posture.",2026-07-15,Current litigation retained until a final merits or controlling threshold disposition.
MON-0006,TAC-JS2-008,EP-258E4693A8B7,RET-001,"Actions Toward Universities (Executive Order 14188, Pause or Termination of Grants, Columbia Letter of Demands, Harvard Letter of Demands, Harvard Proclamation on Student Visas)",open or interlocutory; Government Action Blocked=2; Government Action Blocked Pending Appeal=1; Government Action Not Blocked (Pending Appeal)=1; Government Action Temporarily Blocked=3,SRC-0920; SRC-0921; SRC-0338,Just Security litigation tracker,active-defined-predicate,"Final merits ruling, controlling threshold decision, dismissal, settlement or withdrawal, or another material change in posture.",2026-07-15,Current litigation retained until a final merits or controlling threshold disposition.
MON-0007,TAC-JS2-009,EP-171D6D90C519,RIGHTS-001,Addressing DEI Discrimination by Federal Contractors (Executive Order 14398),open or interlocutory; Case Pending=1,SRC-0922; SRC-0923; SRC-0338,Just Security litigation tracker,active-defined-predicate,"Final merits ruling, controlling threshold decision, dismissal, settlement or withdrawal, or another material change in posture.",2026-07-15,Current litigation retained until a final merits or controlling threshold disposition.
MON-0008,TAC-JS2-010,EP-68099FD26BD2,HOR-034,Agency Data Sharing for Immigration Enforcement Purposes (Executive Order 14165) (Executive Order 14159) (Executive Order 14158),open or interlocutory; Case Pending=1; Government Action Temporarily Blocked=2; Temporary Block of Government Action Denied=1,SRC-0924; SRC-0338,Just Security litigation tracker,active-defined-predicate,"Final merits ruling, controlling threshold decision, dismissal, settlement or withdrawal, or another material change in posture.",2026-07-15,Formal Horizon source with an active or unresolved external posture.
MON-0009,TAC-JS2-011,EP-0D7FD75F7AA7,RIGHTS-002,Alien Enemies Act Removals (Presidential Proclamation 10903),open or interlocutory; Case Closed=3; Case Pending=1; Government Action Blocked=5; Government Action Blocked Pending Appeal=1; Government Action Temporarily Blocked=3; Government Action Temporarily Blocked in Part; Temporary Block Denied in Part=2,SRC-0925; SRC-0338,Just Security litigation tracker,active-defined-predicate,"Final merits ruling, controlling threshold decision, dismissal, settlement or withdrawal, or another material change in posture.",2026-07-15,Current litigation retained until a final merits or controlling threshold disposition.
MON-0010,TAC-JS2-012,EP-E6BAEB0A9097,RIGHTS-002,American Civil Liberties Union v. United States Immigration and Customs Enforcement (N.D. Cal.),open or interlocutory; Case Pending=1,SRC-0926; SRC-0927; SRC-0338,Just Security litigation tracker,active-defined-predicate,"Final merits ruling, controlling threshold decision, dismissal, settlement or withdrawal, or another material change in posture.",2026-07-15,Current litigation retained until a final merits or controlling threshold disposition.
MON-0011,TAC-JS2-013,EP-5060EB0C0676,RIGHTS-002,Annual Asylum Fee,open or interlocutory; Case Pending=1; Temporary Block of Government Action Denied=1,SRC-0928; SRC-0929; SRC-0338,Just Security litigation tracker,active-defined-predicate,"Final merits ruling, controlling threshold decision, dismissal, settlement or withdrawal, or another material change in posture.",2026-07-15,Current litigation retained until a final merits or controlling threshold disposition.
MON-0012,TAC-JS2-014,EP-4947CA113B0E,FUND-001,Anti-Weaponization Fund,open or interlocutory; Case Pending=3; Government Action Temporarily Blocked=1; Temporary Block of Government Action Denied=1,SRC-0930; SRC-0338,Just Security litigation tracker,active-defined-predicate,"Final merits ruling, controlling threshold decision, dismissal, settlement or withdrawal, or another material change in posture.",2026-07-15,Current litigation retained until a final merits or controlling threshold disposition.
MON-0013,TAC-JS2-016,EP-45E9575B5567,FED-004,Assertion of Federal Jurisdiction Over Oil Pipelines,open or interlocutory; Case Closed=1; Case Pending=1,SRC-0931; SRC-0338,Just Security litigation tracker,active-defined-predicate,"Final merits ruling, controlling threshold decision, dismissal, settlement or withdrawal, or another material change in posture.",2026-07-15,Current litigation retained until a final merits or controlling threshold disposition.
MON-0014,TAC-JS2-018; TAC-JS2-126,EP-F5927613B4D9,RIGHTS-001,"Ban on DEIA Initiatives in the Executive Branch and by Contractors and Grantees (Executive Order 14168, Executive Order 14151, Executive Order 14173)",open or interlocutory; Case Closed in Favor of Plaintiff=1; Case Closed/Dismissed in Favor of Government=2; Case Pending=10; Government Action Blocked=1; Government Action Not Blocked (Pending Appeal)=1; Government Action Temporarily Blocked=10; Temporary Block of Government Action Denied=2,SRC-0180; SRC-0932; SRC-0338; SRC-0933,Just Security litigation tracker,active-defined-predicate,"Final merits ruling, controlling threshold decision, dismissal, settlement or withdrawal, or another material change in posture.",2026-07-15,Current litigation retained until a final merits or controlling threshold disposition.
MON-0015,TAC-JS2-019,EP-4ABD93373353,RIGHTS-001,Ban on Gender-Affirming Care for Individuals Under the Age of 19 (Executive Order 14168; Executive Order 14187),open or interlocutory; Case Pending=2; Government Action Temporarily Blocked=3,SRC-0934; SRC-0338,Just Security litigation tracker,active-defined-predicate,"Final merits ruling, controlling threshold decision, dismissal, settlement or withdrawal, or another material change in posture.",2026-07-15,Current litigation retained until a final merits or controlling threshold disposition.
MON-0016,TAC-JS2-020,EP-7A108E459EB1,RIGHTS-001,Ban on Transgender Athletes in Women’s Sports (Executive Order 14168; Executive Order 14201) and Policies on Transgender Students,open or interlocutory; Case Closed/Dismissed in Favor of Government=1; Case Pending=3,SRC-0935; SRC-0936; SRC-0338,Just Security litigation tracker,active-defined-predicate,"Final merits ruling, controlling threshold decision, dismissal, settlement or withdrawal, or another material change in posture.",2026-07-15,Current litigation retained until a final merits or controlling threshold disposition.
MON-0017,TAC-JS2-021,EP-356D468A6618,RIGHTS-001,Ban on Transgender Individuals Serving in the Military (Executive Order 14183),open or interlocutory; Case Closed=1; Case Pending=1; Government Action Not Blocked (Pending Appeal)=1; Government Action Temporarily Blocked=1,SRC-0937; SRC-0338,Just Security litigation tracker,active-defined-predicate,"Final merits ruling, controlling threshold decision, dismissal, settlement or withdrawal, or another material change in posture.",2026-07-15,Current litigation retained until a final merits or controlling threshold disposition.
MON-0018,TAC-JS2-022,EP-8FBBD3982D80,CIV-009,Biometric Information and Registration (Interim Final Rule: Alien Registration Form and Evidence of Registration),open or interlocutory; Case Pending=2; Government Action Not Blocked (Pending Appeal)=1,SRC-0938; SRC-0939; SRC-0338,Just Security litigation tracker,active-defined-predicate,"Final merits ruling, controlling threshold decision, dismissal, settlement or withdrawal, or another material change in posture.",2026-07-15,Current litigation retained until a final merits or controlling threshold disposition.
MON-0019,TAC-JS2-023,EP-4EACDEAF0290,RIGHTS-002,Birthright Citizenship (Executive Order 14160),open or interlocutory; Case Pending=3; Government Action Blocked=1; Government Action Blocked Pending Appeal=3; Government Action Temporarily Blocked=4,SRC-0940; SRC-0338,Just Security litigation tracker,active-defined-predicate,"Final merits ruling, controlling threshold decision, dismissal, settlement or withdrawal, or another material change in posture.",2026-07-15,Current litigation retained until a final merits or controlling threshold disposition.
MON-0020,TAC-JS2-024,EP-0DC35F12037C,RIGHTS-002,Border Enforcement,open or interlocutory; Government Action Temporarily Blocked=1,SRC-0941; SRC-0942; SRC-0338,Just Security litigation tracker,active-defined-predicate,"Final merits ruling, controlling threshold decision, dismissal, settlement or withdrawal, or another material change in posture.",2026-07-15,Current litigation retained until a final merits or controlling threshold disposition.
MON-0021,TAC-JS2-025,EP-C883E919600C,DOM-001,Border Wall Construction,open or interlocutory; Case Pending=2,SRC-0943; SRC-0944; SRC-0338,Just Security litigation tracker,active-defined-predicate,"Final merits ruling, controlling threshold decision, dismissal, settlement or withdrawal, or another material change in posture.",2026-07-15,Current litigation retained until a final merits or controlling threshold disposition.
MON-0022,TAC-JS2-027,EP-2B703489CC64,REC-001,Changes to Health Directives and Related Regulations,open or interlocutory; Case Closed in Favor of Plaintiff=1; Case Pending=3; Government Action Not Blocked (Pending Appeal)=1; Government Action Temporarily Blocked=1,SRC-0945; SRC-0338,Just Security litigation tracker,active-defined-predicate,"Final merits ruling, controlling threshold decision, dismissal, settlement or withdrawal, or another material change in posture.",2026-07-15,Current litigation retained until a final merits or controlling threshold disposition.
MON-0023,TAC-JS2-028,EP-7D26D5D6395F,REG-001,Changes to Social Security Administration,open or interlocutory; Temporary Block of Government Action Denied=1,SRC-0946; SRC-0338,Just Security litigation tracker,active-defined-predicate,"Final merits ruling, controlling threshold decision, dismissal, settlement or withdrawal, or another material change in posture.",2026-07-15,Current litigation retained until a final merits or controlling threshold disposition.
MON-0024,TAC-JS2-029,EP-E8A73A79E419,CIV-001,Changes to Union Petition Processes,open or interlocutory; Case Pending=1,SRC-0947; SRC-0948; SRC-0338,Just Security litigation tracker,active-defined-predicate,"Final merits ruling, controlling threshold decision, dismissal, settlement or withdrawal, or another material change in posture.",2026-07-15,Current litigation retained until a final merits or controlling threshold disposition.
MON-0025,TAC-JS2-030,EP-3E79F21EB8F3,ELEC-001,Changes to Voter Registration Guidance for Naturalized Citizens,open or interlocutory; Case Pending=1,SRC-0949; SRC-0338,Just Security litigation tracker,active-defined-predicate,"Final merits ruling, controlling threshold decision, dismissal, settlement or withdrawal, or another material change in posture.",2026-07-15,Current litigation retained until a final merits or controlling threshold disposition.
MON-0026,TAC-JS2-031,EP-39A7CE50EBA0,REG-002,Clean Air Act Enforcement,open or interlocutory; Case Pending=3,SRC-0950; SRC-0338,Just Security litigation tracker,active-defined-predicate,"Final merits ruling, controlling threshold decision, dismissal, settlement or withdrawal, or another material change in posture.",2026-07-15,Current litigation retained until a final merits or controlling threshold disposition.
MON-0027,TAC-JS2-034,EP-6D3B73CEE8AC,DOJ-003,"Conditions of Imprisonment (Restoring the Death Penalty and Protecting Public Safety - Executive Order 14164) (Attorney General Memorandum, Feb. 5, 2025)",open or interlocutory; Government Action Temporarily Blocked=1,SRC-0953; SRC-0954; SRC-0338,Just Security litigation tracker,active-defined-predicate,"Final merits ruling, controlling threshold decision, dismissal, settlement or withdrawal, or another material change in posture.",2026-07-15,Current litigation retained until a final merits or controlling threshold disposition.
MON-0028,TAC-JS2-035,EP-F25210F1025C,REG-002,Construction or Modification of Public Lands,open or interlocutory; Case Pending=9; Government Action Temporarily Blocked=2,SRC-0955; SRC-0956; SRC-0338,Just Security litigation tracker,active-defined-predicate,"Final merits ruling, controlling threshold decision, dismissal, settlement or withdrawal, or another material change in posture.",2026-07-15,Current litigation retained until a final merits or controlling threshold disposition.
MON-0029,TAC-JS2-036,EP-875652DAB523,RIGHTS-002,Contract Termination for Services to Unaccompanied Minors,open or interlocutory; Government Action Blocked Pending Appeal=1,SRC-0957; SRC-0338,Just Security litigation tracker,active-defined-predicate,"Final merits ruling, controlling threshold decision, dismissal, settlement or withdrawal, or another material change in posture.",2026-07-15,Current litigation retained until a final merits or controlling threshold disposition.
MON-0030,TAC-JS2-037,EP-B41D7C6A71D7,DOJ-002,Criminal Arrests and Prosecutions,open or interlocutory; Case Closed=1; Case Closed/Dismissed in Favor of Government=1; Case Pending=7; Government Action Temporarily Blocked=1; Temporary Block of Government Action Denied=1,SRC-0958; SRC-0338,Just Security litigation tracker,active-defined-predicate,"Final merits ruling, controlling threshold decision, dismissal, settlement or withdrawal, or another material change in posture.",2026-07-15,Current litigation retained until a final merits or controlling threshold disposition.
MON-0031,TAC-JS2-038,EP-1B6D236FD9B2,REG-002,DEA Enforcement Actions,open or interlocutory; Case Pending=1,SRC-0959; SRC-0338,Just Security litigation tracker,active-defined-predicate,"Final merits ruling, controlling threshold decision, dismissal, settlement or withdrawal, or another material change in posture.",2026-07-15,Current litigation retained until a final merits or controlling threshold disposition.
MON-0032,TAC-JS2-039,EP-CBFA0F934016,RIGHTS-002,DHS Revocation of Temporary Protected Status (TPS),open or interlocutory; Case Pending=2; Government Action Blocked=2; Government Action Blocked Pending Appeal=1; Government Action Not Blocked (Pending Appeal)=3; Government Action Temporarily Blocked=5; Temporary Block of Government Action Denied=2,SRC-0960; SRC-0961; SRC-0338,Just Security litigation tracker,active-defined-predicate,"Final merits ruling, controlling threshold decision, dismissal, settlement or withdrawal, or another material change in posture.",2026-07-15,Current litigation retained until a final merits or controlling threshold disposition.
MON-0033,TAC-JS2-040,EP-1B59F5D24ADF,DOM-001,DHS/ICE actions toward U.S. citizens,open or interlocutory; Case Closed=1; Case Pending=1,SRC-0962; SRC-0338,Just Security litigation tracker,active-defined-predicate,"Final merits ruling, controlling threshold decision, dismissal, settlement or withdrawal, or another material change in posture.",2026-07-15,Current litigation retained until a final merits or controlling threshold disposition.
MON-0034,TAC-JS2-041,EP-6C382D188654,CIV-009,Data Collection Requirements for Education Institutions,open or interlocutory; Government Action Temporarily Blocked=1,SRC-0963; SRC-0338,Just Security litigation tracker,active-defined-predicate,"Final merits ruling, controlling threshold decision, dismissal, settlement or withdrawal, or another material change in posture.",2026-07-15,Current litigation retained until a final merits or controlling threshold disposition.
MON-0035,TAC-JS2-042,EP-9DF2AF2C9371,RET-001,Denial of Federal Grants,open or interlocutory; Case Closed=5; Case Closed in Favor of Plaintiff=7; Case Closed/Dismissed in Favor of Government=6; Case Pending=30; Government Action Blocked=10; Government Action Blocked Pending Appeal=1; Government Action Not Blocked (Pending Appeal)=3; Government Action Temporarily Blocked=24; Government Action Temporarily Blocked in Part; Temporary Block Denied in Part=3; Temporary Block of Government Action Denied=5,SRC-0964; SRC-0338,Just Security litigation tracker,active-defined-predicate,"Final merits ruling, controlling threshold decision, dismissal, settlement or withdrawal, or another material change in posture.",2026-07-15,Current litigation retained until a final merits or controlling threshold disposition.
MON-0036,TAC-JS2-043,EP-6B9437339E50,FUND-001,Denial of State Department Funds,open or interlocutory; Government Action Temporarily Blocked=1,SRC-0965; SRC-0338,Just Security litigation tracker,active-defined-predicate,"Final merits ruling, controlling threshold decision, dismissal, settlement or withdrawal, or another material change in posture.",2026-07-15,Current litigation retained until a final merits or controlling threshold disposition.
MON-0037,TAC-JS2-046,EP-491B4AB6A1CF,RIGHTS-002,"Deportation to a Third Country/Torture Prohibition (ICE Email Directive on Expedited Removal and Nondetained Docket. Feb. 18, 2025)",open or interlocutory; Case Closed=2; Case Pending=1; Government Action Not Blocked (Pending Appeal)=1; Government Action Temporarily Blocked=2,SRC-0967; SRC-0338,Just Security litigation tracker,active-defined-predicate,"Final merits ruling, controlling threshold decision, dismissal, settlement or withdrawal, or another material change in posture.",2026-07-15,Current litigation retained until a final merits or controlling threshold disposition.
MON-0038,TAC-JS2-047,EP-17D8EA5A019B,REG-002,Deregulation and Other Regulatory Changes,open or interlocutory; Case Closed in Favor of Plaintiff=1; Case Pending=1,SRC-0968; SRC-0969; SRC-0338,Just Security litigation tracker,active-defined-predicate,"Final merits ruling, controlling threshold decision, dismissal, settlement or withdrawal, or another material change in posture.",2026-07-15,Current litigation retained until a final merits or controlling threshold disposition.
MON-0039,TAC-JS2-048,EP-3799FB8B097B,EMERG-003,Designation of Chinese Military Companies,open or interlocutory; Case Pending=2,SRC-0970; SRC-0971; SRC-0338,Just Security litigation tracker,active-defined-predicate,"Final merits ruling, controlling threshold decision, dismissal, settlement or withdrawal, or another material change in posture.",2026-07-15,Current litigation retained until a final merits or controlling threshold disposition.
MON-0040,TAC-JS2-049,EP-C1E28B63F08C,CIV-009,Disclosure of Civil Servant Personnel Records,open or interlocutory; Case Pending=1,SRC-0972; SRC-0338,Just Security litigation tracker,active-defined-predicate,"Final merits ruling, controlling threshold decision, dismissal, settlement or withdrawal, or another material change in posture.",2026-07-15,Current litigation retained until a final merits or controlling threshold disposition.
MON-0041,TAC-JS2-050,EP-3D1B63A6A52B,CIV-009,Disclosure of Personal and Financial Records to DOGE,open or interlocutory; Case Closed=3; Case Pending=3; Government Action Blocked Pending Appeal=1; Government Action Not Blocked (Pending Appeal)=1; Government Action Temporarily Blocked=4; Government Action Temporarily Blocked in Part; Temporary Block Denied in Part=1; Temporary Block of Government Action Denied=3,SRC-0973; SRC-0338,Just Security litigation tracker,active-defined-predicate,"Final merits ruling, controlling threshold decision, dismissal, settlement or withdrawal, or another material change in posture.",2026-07-15,Current litigation retained until a final merits or controlling threshold disposition.
MON-0042,TAC-JS2-051,EP-A982F47A6257,REC-001,Disclosure of Special Counsel Hur Investigation Records,open or interlocutory; Case Pending=1,SRC-0974; SRC-0338,Just Security litigation tracker,active-defined-predicate,"Final merits ruling, controlling threshold decision, dismissal, settlement or withdrawal, or another material change in posture.",2026-07-15,Current litigation retained until a final merits or controlling threshold disposition.
MON-0043,TAC-JS2-052,EP-28195086A7B4,REG-001,"Dismantling AmeriCorps (Executive Order 14222 - Implementing the President's ""Department of Government Efficiency"" Cost Efficiency Initiative) (Goodson Memorandum and Cover Note April 15, 2025)",open or interlocutory; Government Action Temporarily Blocked=3,SRC-0975; SRC-0338,Just Security litigation tracker,active-defined-predicate,"Final merits ruling, controlling threshold decision, dismissal, settlement or withdrawal, or another material change in posture.",2026-07-15,Current litigation retained until a final merits or controlling threshold disposition.
MON-0044,TAC-JS2-053,EP-5C708C65C065,RIGHTS-002,"Dismantling DHS Office for Civil Rights and Civil Liberties (CRCL), the Citizenship and Immigration Services Ombudsman Office (CIS Ombudsman Office), and Office of the Immigration Detention Ombudsman",open or interlocutory; Temporary Block of Government Action Denied=1,SRC-0976; SRC-0338,Just Security litigation tracker,active-defined-predicate,"Final merits ruling, controlling threshold decision, dismissal, settlement or withdrawal, or another material change in posture.",2026-07-15,Current litigation retained until a final merits or controlling threshold disposition.
MON-0045,TAC-JS2-054,EP-47D772DD0E64,REG-001,Dismantling Job Corps,open or interlocutory; Government Action Blocked=1; Government Action Temporarily Blocked in Part; Temporary Block Denied in Part=1,SRC-0977; SRC-0338,Just Security litigation tracker,active-defined-predicate,"Final merits ruling, controlling threshold decision, dismissal, settlement or withdrawal, or another material change in posture.",2026-07-15,Current litigation retained until a final merits or controlling threshold disposition.
MON-0046,TAC-JS2-057,EP-6444E8D6333E,REG-001,Dismantling of Consumer Financial Protection Bureau,open or interlocutory; Case Closed in Favor of Plaintiff=1; Case Pending=2; Government Action Temporarily Blocked=1; Temporary Block of Government Action Denied=1,SRC-0980; SRC-0338,Just Security litigation tracker,active-defined-predicate,"Final merits ruling, controlling threshold decision, dismissal, settlement or withdrawal, or another material change in posture.",2026-07-15,Current litigation retained until a final merits or controlling threshold disposition.
MON-0047,TAC-JS2-059,EP-618C33E4AA58,REG-001,Dismantling of USAID,open or interlocutory; Case Pending=3; Government Action Not Blocked (Pending Appeal)=3; Temporary Block of Government Action Denied=1,SRC-0982; SRC-0338,Just Security litigation tracker,active-defined-predicate,"Final merits ruling, controlling threshold decision, dismissal, settlement or withdrawal, or another material change in posture.",2026-07-15,Current litigation retained until a final merits or controlling threshold disposition.
MON-0048,TAC-JS2-060,EP-03E6943D9185,REG-001,Dismantling the Community Relations Service,open or interlocutory; Temporary Block of Government Action Denied=1,SRC-0983; SRC-0338,Just Security litigation tracker,active-defined-predicate,"Final merits ruling, controlling threshold decision, dismissal, settlement or withdrawal, or another material change in posture.",2026-07-15,Current litigation retained until a final merits or controlling threshold disposition.
MON-0049,TAC-JS2-061,EP-A08DB8564CA3,REG-001,Dismantling the U.S. African Development Foundation (Executive Order 14217),open or interlocutory; Case Closed/Dismissed in Favor of Government=1; Government Action Temporarily Blocked=1,SRC-0984; SRC-0985; SRC-0338,Just Security litigation tracker,active-defined-predicate,"Final merits ruling, controlling threshold decision, dismissal, settlement or withdrawal, or another material change in posture.",2026-07-15,Current litigation retained until a final merits or controlling threshold disposition.
MON-0050,TAC-JS2-062,EP-35C53DE44015,REG-001,"Dismantling/Restructuring of the Department of Education (Executive Order of March 20, 2025)",open or interlocutory; Case Closed=1; Case Closed in Favor of Plaintiff=1; Case Pending=2; Government Action Not Blocked (Pending Appeal)=1; Government Action Temporarily Blocked=1; Government Action Temporarily Blocked in Part; Temporary Block Denied in Part=1; Temporary Block of Government Action Denied=3,SRC-0986; SRC-0338,Just Security litigation tracker,active-defined-predicate,"Final merits ruling, controlling threshold decision, dismissal, settlement or withdrawal, or another material change in posture.",2026-07-15,Current litigation retained until a final merits or controlling threshold disposition.
MON-0051,TAC-JS2-064,EP-85077C270366,ELEC-001,Election Law,open or interlocutory; Case Closed in Favor of Plaintiff=1; Case Pending=3; Government Action Blocked=1; Government Action Blocked Pending Appeal=6; Government Action Not Blocked (Pending Appeal)=3,SRC-0988; SRC-0338,Just Security litigation tracker,active-defined-predicate,"Final merits ruling, controlling threshold decision, dismissal, settlement or withdrawal, or another material change in posture.",2026-07-15,Current litigation retained until a final merits or controlling threshold disposition.
MON-0052,TAC-JS2-065,EP-91E93197ABAB,CIV-001,Employment Actions During Government Shutdown,open or interlocutory; Case Pending=1,SRC-0989; SRC-0338,Just Security litigation tracker,active-defined-predicate,"Final merits ruling, controlling threshold decision, dismissal, settlement or withdrawal, or another material change in posture.",2026-07-15,Current litigation retained until a final merits or controlling threshold disposition.
MON-0053,TAC-JS2-066,EP-BF74E06A7433,RIGHTS-002,Ending Automatic Work Permit Extensions,open or interlocutory; Case Closed=1; Case Pending=1,SRC-0990; SRC-0991; SRC-0338,Just Security litigation tracker,active-defined-predicate,"Final merits ruling, controlling threshold decision, dismissal, settlement or withdrawal, or another material change in posture.",2026-07-15,Current litigation retained until a final merits or controlling threshold disposition.
MON-0054,TAC-JS2-067,EP-62A11A4DD927,DOJ-002,Epstein Files Transparency Act,open or interlocutory; Government Action Temporarily Blocked=1,SRC-0744; SRC-0338,Just Security litigation tracker,active-defined-predicate,"Final merits ruling, controlling threshold decision, dismissal, settlement or withdrawal, or another material change in posture.",2026-07-15,Current litigation retained until a final merits or controlling threshold disposition.
MON-0055,TAC-JS2-068,EP-E12DEC31418F,REG-002,Equal Credit Opportunity Act Regulations,open or interlocutory; Case Pending=1,SRC-0992; SRC-0993; SRC-0338,Just Security litigation tracker,active-defined-predicate,"Final merits ruling, controlling threshold decision, dismissal, settlement or withdrawal, or another material change in posture.",2026-07-15,Current litigation retained until a final merits or controlling threshold disposition.
MON-0056,TAC-JS2-069,EP-E614EFE2AEC1,CIV-009,"Establishment of ""Department of Government Efficiency"" (DOGE) (Executive Order 14158 and Executive Order 14219)",open or interlocutory; Case Closed=1; Case Pending=2; Government Action Not Blocked (Pending Appeal)=2; Temporary Block of Government Action Denied=1,SRC-0994; SRC-0338,Just Security litigation tracker,active-defined-predicate,"Final merits ruling, controlling threshold decision, dismissal, settlement or withdrawal, or another material change in posture.",2026-07-15,Current litigation retained until a final merits or controlling threshold disposition.
MON-0057,TAC-JS2-070,EP-73A73060BF9B,REG-002,Exemption from Emission Standards,open or interlocutory; Case Pending=2,SRC-0995; SRC-0996; SRC-0338,Just Security litigation tracker,active-defined-predicate,"Final merits ruling, controlling threshold decision, dismissal, settlement or withdrawal, or another material change in posture.",2026-07-15,Current litigation retained until a final merits or controlling threshold disposition.
MON-0058,TAC-JS2-071,EP-EB62754DCD1B,EMERG-003,Export Controls on AI Models,open or interlocutory; Case Pending=1,SRC-0997; SRC-0338,Just Security litigation tracker,active-defined-predicate,"Final merits ruling, controlling threshold decision, dismissal, settlement or withdrawal, or another material change in posture.",2026-07-15,Current litigation retained until a final merits or controlling threshold disposition.
MON-0059,TAC-JS2-072,EP-DFBAC24F8E3E,WAR-001,Extrajudicial Killings,open or interlocutory; Case Pending=1,SRC-0998; SRC-0338,Just Security litigation tracker,active-defined-predicate,"Final merits ruling, controlling threshold decision, dismissal, settlement or withdrawal, or another material change in posture.",2026-07-15,Current litigation retained until a final merits or controlling threshold disposition.
MON-0060,TAC-JS2-073,EP-260680A92361,RIGHTS-002,Federal Immigration Enforcement Conduct — FTCA Damages Claim,open or interlocutory; Case Pending=2,SRC-0999; SRC-0338,Just Security litigation tracker,active-defined-predicate,"Final merits ruling, controlling threshold decision, dismissal, settlement or withdrawal, or another material change in posture.",2026-07-15,Current litigation retained until a final merits or controlling threshold disposition.
MON-0061,TAC-JS2-074,EP-41555DD81D42,REG-002,Federal Land Use and Environmental Rollbacks,open or interlocutory; Case Pending=5,SRC-1000; SRC-0338,Just Security litigation tracker,active-defined-predicate,"Final merits ruling, controlling threshold decision, dismissal, settlement or withdrawal, or another material change in posture.",2026-07-15,Current litigation retained until a final merits or controlling threshold disposition.
MON-0062,TAC-JS2-076,EP-A2CBB1708D77,FUND-001,Federal Student Loan Limits for Graduate and Professional Students (Department of Education Final Rule Implementing H.R. 1),open or interlocutory; Case Pending=2,SRC-1002; SRC-1003; SRC-0338,Just Security litigation tracker,active-defined-predicate,"Final merits ruling, controlling threshold decision, dismissal, settlement or withdrawal, or another material change in posture.",2026-07-15,Current litigation retained until a final merits or controlling threshold disposition.
MON-0063,TAC-JS2-077,EP-20960B43B104,DOM-001,Federalization of National Guard/Domestic Use of Military,open or interlocutory; Case Closed in Favor of Plaintiff=2; Case Closed/Dismissed in Favor of Government=1; Government Action Not Blocked (Pending Appeal)=1; Government Action Temporarily Blocked=1,SRC-1004; SRC-0338,Just Security litigation tracker,active-defined-predicate,"Final merits ruling, controlling threshold decision, dismissal, settlement or withdrawal, or another material change in posture.",2026-07-15,Current litigation retained until a final merits or controlling threshold disposition.
MON-0064,TAC-JS2-078,EP-D6EE041AFFE8,RIGHTS-002,"Funding Freeze for Immigration Services (Executive Order 14159) (Sec. of Homeland Security Memorandum Directive Jan. 28, 2025)",open or interlocutory; Temporary Block of Government Action Denied=1,SRC-1005; SRC-0338,Just Security litigation tracker,active-defined-predicate,"Final merits ruling, controlling threshold decision, dismissal, settlement or withdrawal, or another material change in posture.",2026-07-15,Current litigation retained until a final merits or controlling threshold disposition.
MON-0065,TAC-JS2-079,EP-39EC660D8445,FUND-001,Funding of the Innovation Center for U.S. Dairy (Dairy Checkoff Program),open or interlocutory; Case Pending=1,SRC-1006; SRC-0338,Just Security litigation tracker,active-defined-predicate,"Final merits ruling, controlling threshold decision, dismissal, settlement or withdrawal, or another material change in posture.",2026-07-15,Current litigation retained until a final merits or controlling threshold disposition.
MON-0066,TAC-JS2-080,EP-8EDCFC4EEC34,RIGHTS-001,Gender Affirming Care and Housing of Transgender Incarcerated Individuals (Executive Order 14168),open or interlocutory; Case Pending=1; Government Action Blocked Pending Appeal=1; Government Action Temporarily Blocked=2; Temporary Block of Government Action Denied=1,SRC-1007; SRC-0338,Just Security litigation tracker,active-defined-predicate,"Final merits ruling, controlling threshold decision, dismissal, settlement or withdrawal, or another material change in posture.",2026-07-15,Current litigation retained until a final merits or controlling threshold disposition.
MON-0067,TAC-JS2-081,EP-64BE0D1081A7,FUND-001,Governance and Defunding Global Media and Global Internet Freedom (Executive Order 14217 - Commencing the Reduction of the Federal Bureaucracy) (Executive Order 14238 - Continuing the Reduction of the Federal Bureaucracy) (Executive Order 14290 - Ending Taxpayer Subsidization of Biased Media),open or interlocutory; Case Closed=1; Case Closed in Favor of Plaintiff=1; Case Pending=1; Government Action Blocked=2; Government Action Blocked Pending Appeal=4; Government Action Temporarily Blocked=1,SRC-1008; SRC-0338,Just Security litigation tracker,active-defined-predicate,"Final merits ruling, controlling threshold decision, dismissal, settlement or withdrawal, or another material change in posture.",2026-07-15,Current litigation retained until a final merits or controlling threshold disposition.
MON-0068,TAC-JS2-082,EP-72C1E402A244,CIV-001,Government Employees' Speech,open or interlocutory; Case Pending=6; Government Action Blocked Pending Appeal=1,SRC-1009; SRC-0338,Just Security litigation tracker,active-defined-predicate,"Final merits ruling, controlling threshold decision, dismissal, settlement or withdrawal, or another material change in posture.",2026-07-15,Current litigation retained until a final merits or controlling threshold disposition.
MON-0069,TAC-JS2-083,EP-58F9B4CE6CC6,HER-001,"Government Facilities, Property, and Security Modifications",open or interlocutory; Case Pending=3; Government Action Blocked Pending Appeal=1; Government Action Not Blocked (Pending Appeal)=1; Temporary Block of Government Action Denied=1,SRC-1010; SRC-0338,Just Security litigation tracker,active-defined-predicate,"Final merits ruling, controlling threshold decision, dismissal, settlement or withdrawal, or another material change in posture.",2026-07-15,Current litigation retained until a final merits or controlling threshold disposition.
MON-0070,TAC-JS2-084,EP-EF7924DAB42B,RIGHTS-002,Habeas Corpus and Removal of Protestors (Protecting the United States from Foreign Terrorists and Other National Security and Public Safety Threats Executive Order 14161) (Additional Measures to Combat Anti-Semitism (Executive Order 14188)),open or interlocutory; Case Closed=1; Government Action Blocked=1; Government Action Blocked Pending Appeal=3; Government Action Temporarily Blocked=3,SRC-1011; SRC-0338,Just Security litigation tracker,active-defined-predicate,"Final merits ruling, controlling threshold decision, dismissal, settlement or withdrawal, or another material change in posture.",2026-07-15,Current litigation retained until a final merits or controlling threshold disposition.
MON-0071,TAC-JS2-085,EP-01CC4907121A,REG-002,Halting Wind Energy Approvals,open or interlocutory; Case Closed in Favor of Plaintiff=1; Case Pending=4; Government Action Temporarily Blocked=7,SRC-1012; SRC-1013; SRC-0338,Just Security litigation tracker,active-defined-predicate,"Final merits ruling, controlling threshold decision, dismissal, settlement or withdrawal, or another material change in posture.",2026-07-15,Current litigation retained until a final merits or controlling threshold disposition.
MON-0072,TAC-JS2-086,EP-740BD07722F5,RIGHTS-002,Holds on Immigration Benefit Applications,open or interlocutory; Case Pending=2; Temporary Block of Government Action Denied=1,SRC-1014; SRC-1015; SRC-0338,Just Security litigation tracker,active-defined-predicate,"Final merits ruling, controlling threshold decision, dismissal, settlement or withdrawal, or another material change in posture.",2026-07-15,Current litigation retained until a final merits or controlling threshold disposition.
MON-0073,TAC-JS2-087,EP-0EA38501E490,RIGHTS-002,Immigration Detention Facilities,open or interlocutory; Case Closed=1; Case Pending=12; Government Action Blocked Pending Appeal=2; Government Action Not Blocked (Pending Appeal)=1; Government Action Temporarily Blocked=2,SRC-1016; SRC-0338,Just Security litigation tracker,active-defined-predicate,"Final merits ruling, controlling threshold decision, dismissal, settlement or withdrawal, or another material change in posture.",2026-07-15,Current litigation retained until a final merits or controlling threshold disposition.
MON-0074,TAC-JS2-088,EP-684C8A18E229,RIGHTS-002,Immigration Detention Policy,open or interlocutory; Case Pending=7; Government Action Blocked=2; Government Action Not Blocked (Pending Appeal)=1; Government Action Temporarily Blocked=3; Temporary Block of Government Action Denied=3,SRC-1017; SRC-0338,Just Security litigation tracker,active-defined-predicate,"Final merits ruling, controlling threshold decision, dismissal, settlement or withdrawal, or another material change in posture.",2026-07-15,Current litigation retained until a final merits or controlling threshold disposition.
MON-0075,TAC-JS2-089,EP-14CA5E199859,RIGHTS-002,Immigration Enforcement Against Places of Worship and Schools (Policy Memo),open or interlocutory; Case Closed/Dismissed in Favor of Government=1; Government Action Temporarily Blocked=1; Government Action Temporarily Blocked in Part; Temporary Block Denied in Part=1; Temporary Block of Government Action Denied=2,SRC-1018; SRC-0338,Just Security litigation tracker,active-defined-predicate,"Final merits ruling, controlling threshold decision, dismissal, settlement or withdrawal, or another material change in posture.",2026-07-15,Current litigation retained until a final merits or controlling threshold disposition.
MON-0076,TAC-JS2-090,EP-22CCA2802AA4,RIGHTS-002,Immigration Policy - Civil Monetary Penalties,open or interlocutory; Case Pending=1,SRC-1019; SRC-1020; SRC-0338,Just Security litigation tracker,active-defined-predicate,"Final merits ruling, controlling threshold decision, dismissal, settlement or withdrawal, or another material change in posture.",2026-07-15,Current litigation retained until a final merits or controlling threshold disposition.
MON-0077,TAC-JS2-091,EP-F7C4B844E0E0,RIGHTS-002,Immigration Policy - Discontinuation of CBP One app (Executive Order 14165),open or interlocutory; Case Pending=1; Government Action Blocked=1,SRC-1021; SRC-0338,Just Security litigation tracker,active-defined-predicate,"Final merits ruling, controlling threshold decision, dismissal, settlement or withdrawal, or another material change in posture.",2026-07-15,Current litigation retained until a final merits or controlling threshold disposition.
MON-0078,TAC-JS2-001; TAC-JS2-092,EP-6E1DCE0018A9,RIGHTS-002,Immigration Policy - Expedited Removal (Executive Order 14159),open or interlocutory; Temporary Block of Government Action Denied=1,SRC-1022; SRC-1023; SRC-0338; SRC-1024,Just Security litigation tracker,active-defined-predicate,"Final merits ruling, controlling threshold decision, dismissal, settlement or withdrawal, or another material change in posture.",2026-07-15,Current litigation retained until a final merits or controlling threshold disposition.
MON-0079,TAC-JS2-093,EP-6F384487CEB2,RIGHTS-002,"Immigration Policy - Punishment of Sanctuary Cities and States (Executive order 14159) (DOJ ""Sanctuary Jurisdiction Directives"" (Feb. 5, 2025))",open or interlocutory; Case Closed=1; Case Closed in Favor of Plaintiff=1; Case Pending=1; Government Action Blocked=1; Government Action Temporarily Blocked=1; Temporary Block of Government Action Denied=1,SRC-1025; SRC-0338,Just Security litigation tracker,active-defined-predicate,"Final merits ruling, controlling threshold decision, dismissal, settlement or withdrawal, or another material change in posture.",2026-07-15,Current litigation retained until a final merits or controlling threshold disposition.
MON-0080,TAC-JS2-094,EP-DF8E8DA0CF40,RIGHTS-002,Immigration Policy - Termination of Categorical Parole Programs (Executive Order 14165),open or interlocutory; Government Action Temporarily Blocked=1,SRC-1026; SRC-0338,Just Security litigation tracker,active-defined-predicate,"Final merits ruling, controlling threshold decision, dismissal, settlement or withdrawal, or another material change in posture.",2026-07-15,Current litigation retained until a final merits or controlling threshold disposition.
MON-0081,TAC-JS2-095,EP-02ECA1A04853,RIGHTS-002,Immigration Raids and Arrests,open or interlocutory; Case Pending=12; Government Action Temporarily Blocked=3; Government Action Temporarily Blocked in Part; Temporary Block Denied in Part=2; Temporary Block of Government Action Denied=1,SRC-1027; SRC-0338,Just Security litigation tracker,active-defined-predicate,"Final merits ruling, controlling threshold decision, dismissal, settlement or withdrawal, or another material change in posture.",2026-07-15,Current litigation retained until a final merits or controlling threshold disposition.
MON-0082,TAC-JS2-096,EP-F5B2C38758D4,HER-001,Implementation of “Restoring Truth and Sanity to American History” (Executive Order 14253),open or interlocutory; Government Action Not Blocked (Pending Appeal)=1; Temporary Block of Government Action Denied=1,SRC-1028; SRC-1029; SRC-0338,Just Security litigation tracker,active-defined-predicate,"Final merits ruling, controlling threshold decision, dismissal, settlement or withdrawal, or another material change in posture.",2026-07-15,Current litigation retained until a final merits or controlling threshold disposition.
MON-0083,TAC-JS2-097,EP-664618C6CA05,EMERG-003,Invocation of Federal Acquisition Supply Chain Security Act,open or interlocutory; Government Action Temporarily Blocked=1; Temporary Block of Government Action Denied=1,SRC-1030; SRC-0338,Just Security litigation tracker,active-defined-predicate,"Final merits ruling, controlling threshold decision, dismissal, settlement or withdrawal, or another material change in posture.",2026-07-15,Current litigation retained until a final merits or controlling threshold disposition.
MON-0084,TAC-JS2-098,EP-E374811232DB,RIGHTS-002,Issuance of New Rules in Immigration Proceedings,open or interlocutory; Government Action Blocked=1; Government Action Blocked Pending Appeal=1; Temporary Block of Government Action Denied=1,SRC-1031; SRC-1032; SRC-0338,Just Security litigation tracker,active-defined-predicate,"Final merits ruling, controlling threshold decision, dismissal, settlement or withdrawal, or another material change in posture.",2026-07-15,Current litigation retained until a final merits or controlling threshold disposition.
MON-0085,TAC-JS2-099,EP-E4D8AA59DFBF,CIV-001,Labor Organization Financial Reporting Regulations,open or interlocutory; Temporary Block of Government Action Denied=1,SRC-1033; SRC-1034; SRC-0338,Just Security litigation tracker,active-defined-predicate,"Final merits ruling, controlling threshold decision, dismissal, settlement or withdrawal, or another material change in posture.",2026-07-15,Current litigation retained until a final merits or controlling threshold disposition.
MON-0086,TAC-JS2-101,EP-A1C0E47C79E1,CIV-001,Large-Scale Reductions in Force / Termination of Probationary Employees (Executive Order 14210),open or interlocutory; Case Closed/Dismissed in Favor of Government=2; Case Pending=5; Government Action Blocked=2; Government Action Temporarily Blocked=1; Temporary Block of Government Action Denied=1,SRC-1035; SRC-0338,Just Security litigation tracker,active-defined-predicate,"Final merits ruling, controlling threshold decision, dismissal, settlement or withdrawal, or another material change in posture.",2026-07-15,Current litigation retained until a final merits or controlling threshold disposition.
MON-0087,TAC-JS2-102,EP-63DE8416B3F3,CIV-001,Layoffs within Bureau of Indian Education,open or interlocutory; Case Pending=1,SRC-1036; SRC-0338,Just Security litigation tracker,active-defined-predicate,"Final merits ruling, controlling threshold decision, dismissal, settlement or withdrawal, or another material change in posture.",2026-07-15,Current litigation retained until a final merits or controlling threshold disposition.
MON-0088,TAC-JS2-103,EP-1D1D94AB1125,FUND-001,Migrant Transfers to Guantánamo (Presidential Memorandum),open or interlocutory; Case Closed=2; Case Pending=2,SRC-1037; SRC-0338,Just Security litigation tracker,active-defined-predicate,"Final merits ruling, controlling threshold decision, dismissal, settlement or withdrawal, or another material change in posture.",2026-07-15,Current litigation retained until a final merits or controlling threshold disposition.
MON-0089,TAC-JS2-104,EP-431D1DE978BE,HER-001,Modifications to National Parks Pass,open or interlocutory; Case Pending=1,SRC-1038; SRC-0338,Just Security litigation tracker,active-defined-predicate,"Final merits ruling, controlling threshold decision, dismissal, settlement or withdrawal, or another material change in posture.",2026-07-15,Current litigation retained until a final merits or controlling threshold disposition.
MON-0090,TAC-JS2-105,EP-ADB0DB96C899,HER-001,Museums and Public Libraries (Executive Order 14238 - Continuing the Reduction of the Federal Bureaucracy),open or interlocutory; Case Closed in Favor of Plaintiff=1; Government Action Blocked Pending Appeal=1,SRC-1039; SRC-1040; SRC-0338,Just Security litigation tracker,active-defined-predicate,"Final merits ruling, controlling threshold decision, dismissal, settlement or withdrawal, or another material change in posture.",2026-07-15,Current litigation retained until a final merits or controlling threshold disposition.
MON-0091,TAC-JS2-106,EP-1E69EEBA4D56,JUD-001,Noncompliance with Endangered Species Act,open or interlocutory; Case Pending=9,SRC-1041; SRC-0338,Just Security litigation tracker,active-defined-predicate,"Final merits ruling, controlling threshold decision, dismissal, settlement or withdrawal, or another material change in posture.",2026-07-15,Current litigation retained until a final merits or controlling threshold disposition.
MON-0092,TAC-JS2-107,EP-BE18DA93BDA2,JUD-001,Noncompliance with Environmental Impact Requirements,open or interlocutory; Case Pending=6; Temporary Block of Government Action Denied=1,SRC-1042; SRC-0338,Just Security litigation tracker,active-defined-predicate,"Final merits ruling, controlling threshold decision, dismissal, settlement or withdrawal, or another material change in posture.",2026-07-15,Current litigation retained until a final merits or controlling threshold disposition.
MON-0093,TAC-JS2-109,EP-90F282259987,REG-002,Offshore Oil and Gas Drilling,open or interlocutory; Case Pending=1,SRC-1044; SRC-0338,Just Security litigation tracker,active-defined-predicate,"Final merits ruling, controlling threshold decision, dismissal, settlement or withdrawal, or another material change in posture.",2026-07-15,Current litigation retained until a final merits or controlling threshold disposition.
MON-0094,TAC-JS2-110,EP-6B209621B843,RIGHTS-002,Other Habeas and Removal Actions,open or interlocutory; Case Closed in Favor of Plaintiff=3; Case Closed/Dismissed in Favor of Government=2; Case Pending=4; Government Action Blocked=5; Government Action Temporarily Blocked=3,SRC-1045; SRC-0338,Just Security litigation tracker,active-defined-predicate,"Final merits ruling, controlling threshold decision, dismissal, settlement or withdrawal, or another material change in posture.",2026-07-15,Current litigation retained until a final merits or controlling threshold disposition.
MON-0095,TAC-JS2-111,EP-672E27C685FD,RIGHTS-001,Passport Policy Targeting Transgender Individuals (Executive Order 14168),open or interlocutory; Government Action Not Blocked (Pending Appeal)=2,SRC-1046; SRC-0338,Just Security litigation tracker,active-defined-predicate,"Final merits ruling, controlling threshold decision, dismissal, settlement or withdrawal, or another material change in posture.",2026-07-15,Current litigation retained until a final merits or controlling threshold disposition.
MON-0096,TAC-JS2-112,EP-90F30109F57F,REG-002,Permitting Oil Drilling in Protected Lands or Wildlife Refuges,open or interlocutory; Case Pending=2,SRC-1047; SRC-0338,Just Security litigation tracker,active-defined-predicate,"Final merits ruling, controlling threshold decision, dismissal, settlement or withdrawal, or another material change in posture.",2026-07-15,Current litigation retained until a final merits or controlling threshold disposition.
MON-0097,TAC-JS2-113,EP-E407DF93CB57,RIGHTS-002,Policy on Unaccompanied Minors,open or interlocutory; Government Action Temporarily Blocked=3; Government Action Temporarily Blocked in Part; Temporary Block Denied in Part=1; Temporary Block of Government Action Denied=1,SRC-1048; SRC-1049; SRC-0338,Just Security litigation tracker,active-defined-predicate,"Final merits ruling, controlling threshold decision, dismissal, settlement or withdrawal, or another material change in posture.",2026-07-15,Current litigation retained until a final merits or controlling threshold disposition.
MON-0098,TAC-JS2-114,EP-FA386856C9D7,REC-001,Presidential Records Act,open or interlocutory; Government Action Blocked Pending Appeal=1,SRC-1050; SRC-0338,Just Security litigation tracker,active-defined-predicate,"Final merits ruling, controlling threshold decision, dismissal, settlement or withdrawal, or another material change in posture.",2026-07-15,Current litigation retained until a final merits or controlling threshold disposition.
MON-0099,TAC-JS2-115,EP-A4DAAD16AE33,RIGHTS-002,Proclamation Prohibiting Non-Citizens from Invoking Asylum Provisions (Proclamation 10888),open or interlocutory; Case Pending=1; Government Action Blocked=1,SRC-1051; SRC-1052; SRC-0338,Just Security litigation tracker,active-defined-predicate,"Final merits ruling, controlling threshold decision, dismissal, settlement or withdrawal, or another material change in posture.",2026-07-15,Current litigation retained until a final merits or controlling threshold disposition.
MON-0100,TAC-JS2-118,EP-B7176372C020,RIGHTS-002,Regulating Commercial Driver’s Licenses (Interim Final Rule: Restoring Integrity to the Issuance of Non-Domiciled CDLs),open or interlocutory; Case Pending=1; Government Action Blocked Pending Appeal=1,SRC-1055; SRC-1056; SRC-0338,Just Security litigation tracker,active-defined-predicate,"Final merits ruling, controlling threshold decision, dismissal, settlement or withdrawal, or another material change in posture.",2026-07-15,Current litigation retained until a final merits or controlling threshold disposition.
MON-0101,TAC-JS2-120,EP-8EE20B59DBE2,CIV-001,Reinstatement of Schedule F for Policy/Career Employees (Executive Order 14171),open or interlocutory; Case Closed=1; Case Pending=3,SRC-1059; SRC-0338,Just Security litigation tracker,active-defined-predicate,"Final merits ruling, controlling threshold decision, dismissal, settlement or withdrawal, or another material change in posture.",2026-07-15,Current litigation retained until a final merits or controlling threshold disposition.
MON-0102,TAC-JS2-122,EP-6F98B9D86C42,REC-001,Removal of Apportionment Information From OMB Website,open or interlocutory; Government Action Blocked Pending Appeal=1,SRC-1060; SRC-0338,Just Security litigation tracker,active-defined-predicate,"Final merits ruling, controlling threshold decision, dismissal, settlement or withdrawal, or another material change in posture.",2026-07-15,Current litigation retained until a final merits or controlling threshold disposition.
MON-0103,TAC-JS2-123,EP-1AFE54556CB4,CIV-001,Removal of Career Personnel,open or interlocutory; Case Pending=11,SRC-1061; SRC-0338,Just Security litigation tracker,active-defined-predicate,"Final merits ruling, controlling threshold decision, dismissal, settlement or withdrawal, or another material change in posture.",2026-07-15,Current litigation retained until a final merits or controlling threshold disposition.
MON-0104,TAC-JS2-124,EP-3737A3822DCC,REC-001,Removal of Climate Change and Environmental Information,open or interlocutory; Case Pending=1; Temporary Block of Government Action Denied=1,SRC-1062; SRC-0338,Just Security litigation tracker,active-defined-predicate,"Final merits ruling, controlling threshold decision, dismissal, settlement or withdrawal, or another material change in posture.",2026-07-15,Current litigation retained until a final merits or controlling threshold disposition.
MON-0105,TAC-JS2-125,EP-F4C95DBE8145,REG-001,Removal of Independent Agency Leaders,open or interlocutory; Case Closed in Favor of Plaintiff=1; Case Closed/Dismissed in Favor of Government=3; Case Pending=6; Government Action Blocked Pending Appeal=1; Government Action Not Blocked (Pending Appeal)=6; Government Action Temporarily Blocked=2,SRC-1063; SRC-0338,Just Security litigation tracker,active-defined-predicate,"Final merits ruling, controlling threshold decision, dismissal, settlement or withdrawal, or another material change in posture.",2026-07-15,Current litigation retained until a final merits or controlling threshold disposition.
MON-0106,TAC-JS2-127,EP-336C4B94AA7C,RIGHTS-002,Removal to El Salvador/Fear of Persecution,open or interlocutory; Case Closed in Favor of Plaintiff=1; Case Closed/Dismissed in Favor of Government=1; Government Action Blocked=1; Government Action Temporarily Blocked=1,SRC-1064; SRC-0338,Just Security litigation tracker,active-defined-predicate,"Final merits ruling, controlling threshold decision, dismissal, settlement or withdrawal, or another material change in posture.",2026-07-15,Current litigation retained until a final merits or controlling threshold disposition.
MON-0107,TAC-JS2-129,EP-7E0F0121FF25,CIV-001,"Rescission of Collective Bargaining (Sec. Noem Memorandum Feb. 27, 2025) (DHS Statement March 7, 2025) (Executive Order of March 27, 2025) and Other Labor Rights",open or interlocutory; Case Closed in Favor of Plaintiff=1; Case Pending=9; Government Action Not Blocked (Pending Appeal)=2; Government Action Temporarily Blocked=6; Temporary Block of Government Action Denied=1,SRC-1066; SRC-0338,Just Security litigation tracker,active-defined-predicate,"Final merits ruling, controlling threshold decision, dismissal, settlement or withdrawal, or another material change in posture.",2026-07-15,Current litigation retained until a final merits or controlling threshold disposition.
MON-0108,TAC-JS2-130; TAC-PCT2-019,EP-0D6F4A397E53,FUND-001,Rescission of Federal Tax Credits for Solar and Wind Facilities,Government Action Blocked=1,SRC-1067; SRC-0338; SRC-0777,Just Security litigation tracker; Public Citizen Trump Administration 2.0 Lawsuit Tracker,active-defined-predicate,"Final merits ruling, controlling threshold decision, dismissal, settlement or withdrawal, or another material change in posture.",2026-07-15,Current litigation retained until a final merits or controlling threshold disposition.
MON-0109,TAC-JS2-131,EP-33643564EDF9,REG-002,Rescission of Previous Executive Orders and Actions,open or interlocutory; Case Pending=1,SRC-1068; SRC-1069; SRC-0338,Just Security litigation tracker,active-defined-predicate,"Final merits ruling, controlling threshold decision, dismissal, settlement or withdrawal, or another material change in posture.",2026-07-15,Current litigation retained until a final merits or controlling threshold disposition.
MON-0110,TAC-JS2-132,EP-DCC27513EA29,REG-002,"Rescission of Previous Executive Orders and Actions, Including on Climate and Environment (Executive Order 14148)",open or interlocutory; Case Closed/Dismissed in Favor of Government=1; Case Pending=6; Government Action Blocked=1,SRC-1070; SRC-1071; SRC-0338,Just Security litigation tracker,active-defined-predicate,"Final merits ruling, controlling threshold decision, dismissal, settlement or withdrawal, or another material change in posture.",2026-07-15,Current litigation retained until a final merits or controlling threshold disposition.
MON-0111,TAC-JS2-133,EP-B7F180910F55,REC-001,Response to FOIA and Records Retention,open or interlocutory; Case Closed=4; Case Closed/Dismissed in Favor of Government=1; Case Pending=108; Government Action Blocked=3; Government Action Blocked Pending Appeal=2; Temporary Block of Government Action Denied=3,SRC-1072; SRC-1073; SRC-0338,Just Security litigation tracker,active-defined-predicate,"Final merits ruling, controlling threshold decision, dismissal, settlement or withdrawal, or another material change in posture.",2026-07-15,Current litigation retained until a final merits or controlling threshold disposition.
MON-0112,TAC-JS2-134,EP-FF7D380F1C4F,PRESS-001,Restricting Press Freedom,open or interlocutory; Case Closed in Favor of Plaintiff=1; Case Pending=3; Government Action Blocked=1; Government Action Not Blocked (Pending Appeal)=1; Government Action Temporarily Blocked=1; Temporary Block of Government Action Denied=1,SRC-1074; SRC-0338,Just Security litigation tracker,active-defined-predicate,"Final merits ruling, controlling threshold decision, dismissal, settlement or withdrawal, or another material change in posture.",2026-07-15,Current litigation retained until a final merits or controlling threshold disposition.
MON-0113,TAC-JS2-135,EP-75D7C398FCB4,RIGHTS-002,Restriction of Public Access to Immigration Proceedings,open or interlocutory; Government Action Temporarily Blocked in Part; Temporary Block Denied in Part=1,SRC-1075; SRC-0338,Just Security litigation tracker,active-defined-predicate,"Final merits ruling, controlling threshold decision, dismissal, settlement or withdrawal, or another material change in posture.",2026-07-15,Current litigation retained until a final merits or controlling threshold disposition.
MON-0114,TAC-JS2-136,EP-F24AAFE0DC3F,RET-001,Retaliation Against Protected Speech,open or interlocutory; Case Closed=1; Case Pending=13; Government Action Blocked=1; Government Action Not Blocked (Pending Appeal)=1; Government Action Temporarily Blocked=6; Government Action Temporarily Blocked in Part; Temporary Block Denied in Part=1; Temporary Block of Government Action Denied=2,SRC-1076; SRC-0338,Just Security litigation tracker,active-defined-predicate,"Final merits ruling, controlling threshold decision, dismissal, settlement or withdrawal, or another material change in posture.",2026-07-15,Current litigation retained until a final merits or controlling threshold disposition.
MON-0115,TAC-JS2-137,EP-9053DD6A6B36,CIV-001,Return-to-Work Mandate,open or interlocutory; Case Pending=2; Government Action Temporarily Blocked=1,SRC-1077; SRC-0338,Just Security litigation tracker,active-defined-predicate,"Final merits ruling, controlling threshold decision, dismissal, settlement or withdrawal, or another material change in posture.",2026-07-15,Current litigation retained until a final merits or controlling threshold disposition.
MON-0116,TAC-JS2-138,EP-0980F515A24A,REG-001,Revocation of Government Agencies,open or interlocutory; Case Pending=1; Government Action Temporarily Blocked=3,SRC-1078; SRC-0338,Just Security litigation tracker,active-defined-predicate,"Final merits ruling, controlling threshold decision, dismissal, settlement or withdrawal, or another material change in posture.",2026-07-15,Current litigation retained until a final merits or controlling threshold disposition.
MON-0117,TAC-JS2-139,EP-662995503475,RIGHTS-002,Revocation of Worker Credentials at Ports of Entry,open or interlocutory; Case Pending=1,SRC-1079; SRC-0338,Just Security litigation tracker,active-defined-predicate,"Final merits ruling, controlling threshold decision, dismissal, settlement or withdrawal, or another material change in posture.",2026-07-15,Current litigation retained until a final merits or controlling threshold disposition.
MON-0118,TAC-JS2-140,EP-3B9C80CC07B6,CIV-009,Sale of TikTok,open or interlocutory; Case Pending=1,SRC-1080; SRC-1081; SRC-0338,Just Security litigation tracker,active-defined-predicate,"Final merits ruling, controlling threshold decision, dismissal, settlement or withdrawal, or another material change in posture.",2026-07-15,Current litigation retained until a final merits or controlling threshold disposition.
MON-0119,TAC-JS2-141,EP-D178BCECCFBF,CIV-001,Solicitation of Information from Career Employees,open or interlocutory; Temporary Block of Government Action Denied=1,SRC-1082; SRC-0338,Just Security litigation tracker,active-defined-predicate,"Final merits ruling, controlling threshold decision, dismissal, settlement or withdrawal, or another material change in posture.",2026-07-15,Current litigation retained until a final merits or controlling threshold disposition.
MON-0120,TAC-JS2-142,EP-D5FA6248D1AE,FUND-001,Student Loan Repayment Policy,open or interlocutory; Case Pending=1; Government Action Temporarily Blocked in Part; Temporary Block Denied in Part=2,SRC-1083; SRC-1084; SRC-0338,Just Security litigation tracker,active-defined-predicate,"Final merits ruling, controlling threshold decision, dismissal, settlement or withdrawal, or another material change in posture.",2026-07-15,Current litigation retained until a final merits or controlling threshold disposition.
MON-0121,TAC-JS2-143,EP-6952F7A1BEB6,RIGHTS-002,Suspension of the U.S. Refugee Admissions Program (Executive Order No. 14163) and Refugees Funding Suspension (Dept. of State Notice),open or interlocutory; Case Closed=1; Government Action Temporarily Blocked in Part; Temporary Block Denied in Part=1,SRC-1085; SRC-0338,Just Security litigation tracker,active-defined-predicate,"Final merits ruling, controlling threshold decision, dismissal, settlement or withdrawal, or another material change in posture.",2026-07-15,Current litigation retained until a final merits or controlling threshold disposition.
MON-0122,TAC-JS2-144,EP-FBEB9508432C,EMERG-003,Tariffs,open or interlocutory; Case Closed/Dismissed in Favor of Government=1; Case Pending=2; Government Action Blocked=3; Government Action Blocked Pending Appeal=1; Government Action Not Blocked (Pending Appeal)=1,SRC-1086; SRC-0338,Just Security litigation tracker,active-defined-predicate,"Final merits ruling, controlling threshold decision, dismissal, settlement or withdrawal, or another material change in posture.",2026-07-15,Current litigation retained until a final merits or controlling threshold disposition.
MON-0123,TAC-JS2-145,EP-1D973CAEE722,OVS-001,Termination of Inspectors General outside of Statutory Guidelines,open or interlocutory; Temporary Block of Government Action Denied=1,SRC-1087; SRC-0338,Just Security litigation tracker,active-defined-predicate,"Final merits ruling, controlling threshold decision, dismissal, settlement or withdrawal, or another material change in posture.",2026-07-15,Current litigation retained until a final merits or controlling threshold disposition.
MON-0124,TAC-JS2-146,EP-113557717A00,FUND-001,Termination of Public Health Grants,open or interlocutory; Case Closed/Dismissed in Favor of Government=1; Case Pending=1; Government Action Temporarily Blocked=1,SRC-1088; SRC-0338,Just Security litigation tracker,active-defined-predicate,"Final merits ruling, controlling threshold decision, dismissal, settlement or withdrawal, or another material change in posture.",2026-07-15,Current litigation retained until a final merits or controlling threshold disposition.
MON-0125,TAC-JS2-147,EP-EB2A7BE07F83,FUND-001,Title X FY 2027 Notice of Funding Opportunity,open or interlocutory; Case Pending=1,SRC-1089; SRC-1090; SRC-0338,Just Security litigation tracker,active-defined-predicate,"Final merits ruling, controlling threshold decision, dismissal, settlement or withdrawal, or another material change in posture.",2026-07-15,Current litigation retained until a final merits or controlling threshold disposition.
MON-0126,TAC-JS2-148,EP-809D31BE307D,HER-001,UFC Authorization at the White House and Lincoln Memorial (America250 Temporary Rule / Executive Order 14189),open or interlocutory; Temporary Block of Government Action Denied=1,SRC-1091; SRC-1092; SRC-0338,Just Security litigation tracker,active-defined-predicate,"Final merits ruling, controlling threshold decision, dismissal, settlement or withdrawal, or another material change in posture.",2026-07-15,Current litigation retained until a final merits or controlling threshold disposition.
MON-0127,TAC-JS2-149,EP-73648C5CC637,FUND-001,Unleashing American Energy (Executive Order No. 14154); Ending Radical and Wasteful Government DEI Programs and Preferencing (Executive Order 14151); Implementing the President’s “Department of Government Efficiency” Cost Efficiency Initiative (Executive Order 14222),open or interlocutory; Case Closed in Favor of Plaintiff=1; Case Closed/Dismissed in Favor of Government=1; Case Pending=9; Government Action Not Blocked (Pending Appeal)=1; Government Action Temporarily Blocked=2; Temporary Block of Government Action Denied=1,SRC-1093; SRC-0338,Just Security litigation tracker,active-defined-predicate,"Final merits ruling, controlling threshold decision, dismissal, settlement or withdrawal, or another material change in posture.",2026-07-15,Current litigation retained until a final merits or controlling threshold disposition.
MON-0128,TAC-JS2-150,EP-667156C70EB6,REG-002,Unreasonably Delayed Agency Action by the Environmental Protection Agency,open or interlocutory; Case Pending=1,SRC-0338,Just Security litigation tracker,active-defined-predicate,"Final merits ruling, controlling threshold decision, dismissal, settlement or withdrawal, or another material change in posture.",2026-07-15,Current litigation retained until a final merits or controlling threshold disposition.
MON-0129,TAC-JS2-151,EP-98092DFBBADB,FED-003,Vehicle Standards Preemption,open or interlocutory; Case Pending=1,SRC-1094; SRC-0338,Just Security litigation tracker,active-defined-predicate,"Final merits ruling, controlling threshold decision, dismissal, settlement or withdrawal, or another material change in posture.",2026-07-15,Current litigation retained until a final merits or controlling threshold disposition.
MON-0130,TAC-JS2-152,EP-D36360EA7251,RIGHTS-002,Visa Policy,open or interlocutory; Case Pending=7; Government Action Blocked Pending Appeal=1; Government Action Not Blocked (Pending Appeal)=1; Government Action Temporarily Blocked=1,SRC-1095; SRC-1096; SRC-0338,Just Security litigation tracker,active-defined-predicate,"Final merits ruling, controlling threshold decision, dismissal, settlement or withdrawal, or another material change in posture.",2026-07-15,Current litigation retained until a final merits or controlling threshold disposition.
MON-0131,TAC-JS2-153,EP-8F410B90EFDC,CIV-001,“Fork Directive” Deferred Resignation Offer to Federal Employees (OPM Directive),open or interlocutory; Government Action Not Blocked (Pending Appeal)=1,SRC-1097; SRC-0338,Just Security litigation tracker,active-defined-predicate,"Final merits ruling, controlling threshold decision, dismissal, settlement or withdrawal, or another material change in posture.",2026-07-15,Current litigation retained until a final merits or controlling threshold disposition.
MON-0132,TAC-JS2-154,EP-49D3CC98C0C4,FUND-001,"“Temporary Pause” of Grants, Loans, and Assistance Programs",open or interlocutory; Case Closed=2; Case Pending=1; Government Action Blocked=1; Government Action Temporarily Blocked=3; Temporary Block of Government Action Denied=1,SRC-1098; SRC-0338,Just Security litigation tracker,active-defined-predicate,"Final merits ruling, controlling threshold decision, dismissal, settlement or withdrawal, or another material change in posture.",2026-07-15,Current litigation retained until a final merits or controlling threshold disposition.
MON-0133,TAC-PCT2-001,EP-58133DC8C36B,FUND-001,Protecting the Evidence-Based Teen Pregnancy Prevention Program,Complaint Filed,SRC-1099; SRC-0777,Public Citizen Trump Administration 2.0 Lawsuit Tracker,active-defined-predicate,"Final merits ruling, controlling threshold decision, dismissal, settlement or withdrawal, or another material change in posture.",2026-07-15,Current litigation retained until a final merits or controlling threshold disposition.
MON-0134,TAC-PCT2-002,EP-99DB148BB882,REC-001,Seeking Information on Trump's Slush Fund,Complaint Filed,SRC-1100; SRC-0777,Public Citizen Trump Administration 2.0 Lawsuit Tracker,active-defined-predicate,"Final merits ruling, controlling threshold decision, dismissal, settlement or withdrawal, or another material change in posture.",2026-07-15,Current litigation retained until a final merits or controlling threshold disposition.
MON-0135,TAC-PCT2-003,EP-F6162930ADF9,RIGHTS-002,Halting Dangerous Policy Risking Lives of Iranian Asylum Seekers,Complaint Filed,SRC-1101; SRC-0777,Public Citizen Trump Administration 2.0 Lawsuit Tracker,active-defined-predicate,"Final merits ruling, controlling threshold decision, dismissal, settlement or withdrawal, or another material change in posture.",2026-07-15,Current litigation retained until a final merits or controlling threshold disposition.
MON-0136,TAC-PCT2-004,EP-65124F2D9017,REC-001,FOIA request for FMCSA,Complaint Filed,SRC-1102; SRC-0777,Public Citizen Trump Administration 2.0 Lawsuit Tracker,active-defined-predicate,"Final merits ruling, controlling threshold decision, dismissal, settlement or withdrawal, or another material change in posture.",2026-07-15,Current litigation retained until a final merits or controlling threshold disposition.
MON-0137,TAC-PCT2-005,EP-8BF795AE98AB,REC-001,"Seeking Records on Kash Patel's Milan, Italy Trip",Complaint Filed,SRC-1103; SRC-0777,Public Citizen Trump Administration 2.0 Lawsuit Tracker,active-defined-predicate,"Final merits ruling, controlling threshold decision, dismissal, settlement or withdrawal, or another material change in posture.",2026-07-15,Current litigation retained until a final merits or controlling threshold disposition.
MON-0138,TAC-PCT2-006,EP-4EAF2B9D68C4,EMOL-001,Challenging Trump's slush fund,Complaint Filed,SRC-1104; SRC-0777,Public Citizen Trump Administration 2.0 Lawsuit Tracker,active-defined-predicate,"Final merits ruling, controlling threshold decision, dismissal, settlement or withdrawal, or another material change in posture.",2026-07-15,Current litigation retained until a final merits or controlling threshold disposition.
MON-0139,TAC-PCT2-007,EP-BC332FFD5AF5,REG-001,Stopping the dismantling of fair and affordable credit protections,Complaint filed.,SRC-1105; SRC-0777,Public Citizen Trump Administration 2.0 Lawsuit Tracker,active-defined-predicate,"Final merits ruling, controlling threshold decision, dismissal, settlement or withdrawal, or another material change in posture.",2026-07-15,Current litigation retained until a final merits or controlling threshold disposition.
MON-0140,TAC-PCT2-008,EP-892C195F7ECB,RIGHTS-002,Ending automatic extensions of work permits for noncitizens,Complaint filed.,SRC-1106; SRC-0777,Public Citizen Trump Administration 2.0 Lawsuit Tracker,active-defined-predicate,"Final merits ruling, controlling threshold decision, dismissal, settlement or withdrawal, or another material change in posture.",2026-07-15,Current litigation retained until a final merits or controlling threshold disposition.
MON-0141,TAC-PCT2-009,EP-BB70E0EED57F,REC-001,FOIA request for records relating to ethics oversight with respect to DOGE,Complaint filed.,SRC-1107; SRC-0777,Public Citizen Trump Administration 2.0 Lawsuit Tracker,active-defined-predicate,"Final merits ruling, controlling threshold decision, dismissal, settlement or withdrawal, or another material change in posture.",2026-07-15,Current litigation retained until a final merits or controlling threshold disposition.
MON-0142,TAC-PCT2-010,EP-7F342BAD00E5,REC-001,FOIA request for text of agreements for health funding with foreign nations,Complaint filed.,SRC-1108; SRC-0777,Public Citizen Trump Administration 2.0 Lawsuit Tracker,active-defined-predicate,"Final merits ruling, controlling threshold decision, dismissal, settlement or withdrawal, or another material change in posture.",2026-07-15,Current litigation retained until a final merits or controlling threshold disposition.
MON-0143,TAC-PCT2-011,EP-4D667474B6F3,HER-001,Trump arch in Memorial Circle,Judge entered order requiring 14-days' notice before construction. Case pending.,SRC-1109; SRC-0777,Public Citizen Trump Administration 2.0 Lawsuit Tracker,active-defined-predicate,"Final merits ruling, controlling threshold decision, dismissal, settlement or withdrawal, or another material change in posture.",2026-07-15,Current litigation retained until a final merits or controlling threshold disposition.
MON-0144,TAC-PCT2-012,EP-AD852689CF2B,FACT-001,EPA's rescission of 2009 endangerment finding,Complaint filed.,SRC-1110; SRC-0777,Public Citizen Trump Administration 2.0 Lawsuit Tracker,active-defined-predicate,"Final merits ruling, controlling threshold decision, dismissal, settlement or withdrawal, or another material change in posture.",2026-07-15,Current litigation retained until a final merits or controlling threshold disposition.
MON-0145,TAC-PCT2-013; TAC-PCT2-023,EP-C3750E41E671,RIGHTS-002,"Barring DACA recipients, asylum seekers, and refugees from holding commercial drivers licenses",Briefing underway.,SRC-1111; SRC-0777; SRC-1112,Public Citizen Trump Administration 2.0 Lawsuit Tracker,active-defined-predicate,"Final merits ruling, controlling threshold decision, dismissal, settlement or withdrawal, or another material change in posture.",2026-07-15,Current litigation retained until a final merits or controlling threshold disposition.
MON-0146,TAC-PCT2-014,EP-C60179698634,RIGHTS-002,Trump's 'Gold Card' visa program,Complaint filed.,SRC-1113; SRC-0777,Public Citizen Trump Administration 2.0 Lawsuit Tracker,active-defined-predicate,"Final merits ruling, controlling threshold decision, dismissal, settlement or withdrawal, or another material change in posture.",2026-07-15,Current litigation retained until a final merits or controlling threshold disposition.
MON-0147,TAC-PCT2-015,EP-A23F316A4541,REC-001,FOIA request concerning negotiated agreements with pharmaceutical companies,Complaint filed.,SRC-1114; SRC-0777,Public Citizen Trump Administration 2.0 Lawsuit Tracker,active-defined-predicate,"Final merits ruling, controlling threshold decision, dismissal, settlement or withdrawal, or another material change in posture.",2026-07-15,Current litigation retained until a final merits or controlling threshold disposition.
MON-0148,TAC-PCT2-016,EP-2A85F61CDFF4,REC-001,FOIA request to the Department of Commerce concerning the Secretary's calendar,"After we sued, the agency then released the calendar with redactions. Case pending.",SRC-1115; SRC-0777,Public Citizen Trump Administration 2.0 Lawsuit Tracker,active-defined-predicate,"Final merits ruling, controlling threshold decision, dismissal, settlement or withdrawal, or another material change in posture.",2026-07-15,Current litigation retained until a final merits or controlling threshold disposition.
MON-0149,TAC-PCT2-021,EP-171444035EEF,FUND-001,New rule disqualifying certain employers from the Public Service Loan Forgiveness (PSLF) program,Motion for summary judgment pending.,SRC-1119; SRC-0777,Public Citizen Trump Administration 2.0 Lawsuit Tracker,active-defined-predicate,"Final merits ruling, controlling threshold decision, dismissal, settlement or withdrawal, or another material change in posture.",2026-07-15,Current litigation retained until a final merits or controlling threshold disposition.
MON-0150,TAC-PCT2-025,EP-8960A02688B8,FUND-001,Halting of grantmaking at AHRQ,Court extended date for agency to obligate funding. Case pending.,SRC-1122; SRC-0777,Public Citizen Trump Administration 2.0 Lawsuit Tracker,active-defined-predicate,"Final merits ruling, controlling threshold decision, dismissal, settlement or withdrawal, or another material change in posture.",2026-07-15,Current litigation retained until a final merits or controlling threshold disposition.
MON-0151,TAC-PCT2-026,EP-B1ED49FD8EA7,REG-001,Closure of Job Corps centers and shutdown of Job Corps program,Preliminary injunction granted. Case pending.,SRC-1123; SRC-0777,Public Citizen Trump Administration 2.0 Lawsuit Tracker,active-defined-predicate,"Final merits ruling, controlling threshold decision, dismissal, settlement or withdrawal, or another material change in posture.",2026-07-15,Current litigation retained until a final merits or controlling threshold disposition.
MON-0152,TAC-PCT2-028,EP-A14C79CE845E,REG-001,Termination of three CPSC commissioners,Won in district court. Supreme Court stayed the decision while the government's appeal is pending.,SRC-1125; SRC-0777,Public Citizen Trump Administration 2.0 Lawsuit Tracker,active-defined-predicate,"Final merits ruling, controlling threshold decision, dismissal, settlement or withdrawal, or another material change in posture.",2026-07-15,Current litigation retained until a final merits or controlling threshold disposition.
MON-0153,TAC-PCT2-030,EP-FF3F05993F86,RIGHTS-001,Closure of DHS civil rights offices,Motion for summary judgment pending.,SRC-1127; SRC-0777,Public Citizen Trump Administration 2.0 Lawsuit Tracker,active-defined-predicate,"Final merits ruling, controlling threshold decision, dismissal, settlement or withdrawal, or another material change in posture.",2026-07-15,Current litigation retained until a final merits or controlling threshold disposition.
MON-0154,TAC-PCT2-031,EP-E90721A1BD47,REC-001,FOIA request concerning USAID purge,USAID has produced some records. Case pending.,SRC-1128; SRC-0777,Public Citizen Trump Administration 2.0 Lawsuit Tracker,active-defined-predicate,"Final merits ruling, controlling threshold decision, dismissal, settlement or withdrawal, or another material change in posture.",2026-07-15,Current litigation retained until a final merits or controlling threshold disposition.
MON-0155,TAC-PCT2-032,EP-F2847A4C7B32,REC-001,FOIA requests to OPM,OPM has produced records. Case pending.,SRC-1129; SRC-0777,Public Citizen Trump Administration 2.0 Lawsuit Tracker,active-defined-predicate,"Final merits ruling, controlling threshold decision, dismissal, settlement or withdrawal, or another material change in posture.",2026-07-15,Current litigation retained until a final merits or controlling threshold disposition.
MON-0156,TAC-PCT2-033,EP-7E63D35349E8,REC-001,FOIA request to HUD,"After lawsuit was filed, HUD produced the requested documents.",SRC-1130; SRC-0777,Public Citizen Trump Administration 2.0 Lawsuit Tracker,active-defined-predicate,"Final merits ruling, controlling threshold decision, dismissal, settlement or withdrawal, or another material change in posture.",2026-07-15,Current litigation retained until a final merits or controlling threshold disposition.
MON-0157,TAC-PCT2-034,EP-579E78243994,REG-001,Termination of global labor rights programs,Pending.,SRC-1131; SRC-0777,Public Citizen Trump Administration 2.0 Lawsuit Tracker,active-defined-predicate,"Final merits ruling, controlling threshold decision, dismissal, settlement or withdrawal, or another material change in posture.",2026-07-15,Current litigation retained until a final merits or controlling threshold disposition.
MON-0158,TAC-PCT2-036,EP-A11F268DF36C,REC-001,Removal of government spending database,Won in district court. Government's appeal pending.,SRC-1133; SRC-0777,Public Citizen Trump Administration 2.0 Lawsuit Tracker,active-defined-predicate,"Final merits ruling, controlling threshold decision, dismissal, settlement or withdrawal, or another material change in posture.",2026-07-15,Current litigation retained until a final merits or controlling threshold disposition.
MON-0159,TAC-PCT2-037,EP-71367DEC0E8B,FACT-001,Dismantling of the Institute of Education Sciences,Pending.,SRC-1134; SRC-0777,Public Citizen Trump Administration 2.0 Lawsuit Tracker,active-defined-predicate,"Final merits ruling, controlling threshold decision, dismissal, settlement or withdrawal, or another material change in posture.",2026-07-15,Current litigation retained until a final merits or controlling threshold disposition.
MON-0160,TAC-PCT2-038,EP-E3DDB53F4D88,HOR-034; RIGHTS-002,Immigration access to IRS data,Case stayed pending outcome of another case.,SRC-1135; SRC-0777,Public Citizen Trump Administration 2.0 Lawsuit Tracker,active-defined-predicate,"Final merits ruling, controlling threshold decision, dismissal, settlement or withdrawal, or another material change in posture.",2026-07-15,Formal Horizon source with an active or unresolved external posture.
MON-0161,TAC-PCT2-039,EP-37D973F4DDD2,REG-001,CFPB shutdown,Preliminary injunction granted. Case pending. Government appeal of prelim injunction pending. [PC no longer handling this case.],SRC-1136; SRC-0777,Public Citizen Trump Administration 2.0 Lawsuit Tracker,active-defined-predicate,"Final merits ruling, controlling threshold decision, dismissal, settlement or withdrawal, or another material change in posture.",2026-07-15,Current litigation retained until a final merits or controlling threshold disposition.
MON-0162,TAC-PCT2-040,EP-243D22C58E07,FUND-001,Foreign assistance funding freeze,Preliminary injunction granted. Case pending.,SRC-1137; SRC-0777,Public Citizen Trump Administration 2.0 Lawsuit Tracker,active-defined-predicate,"Final merits ruling, controlling threshold decision, dismissal, settlement or withdrawal, or another material change in posture.",2026-07-15,Current litigation retained until a final merits or controlling threshold disposition.
MON-0163,TAC-PCT2-042,EP-59A3A217D92A,REG-001,USAID shutdown,Gov'ts motion to dismiss granted. Appeal pending.,SRC-1139; SRC-0777,Public Citizen Trump Administration 2.0 Lawsuit Tracker,active-defined-predicate,"Final merits ruling, controlling threshold decision, dismissal, settlement or withdrawal, or another material change in posture.",2026-07-15,Current litigation retained until a final merits or controlling threshold disposition.
MON-0164,TAC-RAT2-001,EP-0DF6A233F4EC,RET-001,Gavin Newsom Governor of California,tracker status: Ongoing,SRC-0771,Protect Democracy Retaliatory Actions Tracker,active-defined-predicate,"Final merits ruling, controlling threshold decision, dismissal, settlement or withdrawal, or another material change in posture.",2026-07-15,Ongoing reported retaliation episode retained for defined posture monitoring.
MON-0165,TAC-RAT2-002,EP-8FD4A73B06F2,RET-001,Reid Hoffman American Future Republic President,tracker status: Ongoing,SRC-0771,Protect Democracy Retaliatory Actions Tracker,active-defined-predicate,"Final merits ruling, controlling threshold decision, dismissal, settlement or withdrawal, or another material change in posture.",2026-07-15,Ongoing reported retaliation episode retained for defined posture monitoring.
MON-0166,TAC-RAT2-003,EP-0E5D1AE5D8E8,RET-001,Southern Poverty Law Center Amicus Brief Filed,tracker status: Ongoing,SRC-0771,Protect Democracy Retaliatory Actions Tracker,active-defined-predicate,"Final merits ruling, controlling threshold decision, dismissal, settlement or withdrawal, or another material change in posture.",2026-07-15,Ongoing reported retaliation episode retained for defined posture monitoring.
MON-0167,TAC-RAT2-004,EP-7A8AF1CFB4D4,RET-001,Minnesota Church Protesters Nekima Levy Armstrong Chauntyll Louisa Allen William Kelly “DaWokeFarmer” Don Lemon Jerome Richardson Jamael Lundy Trahern Crews Georgia Fort Ian Davis Austin,tracker status: Ongoing,SRC-1143; SRC-0771,Protect Democracy Retaliatory Actions Tracker,active-defined-predicate,"Final merits ruling, controlling threshold decision, dismissal, settlement or withdrawal, or another material change in posture.",2026-07-15,Ongoing reported retaliation episode retained for defined posture monitoring.
MON-0168,TAC-RAT2-008,EP-C391A1D08A12,RET-001,"Mark Kelly Democratic Arizona Senator, former U.S. Navy Captain and NASA astronaut Amicus Brief Filed",tracker status: Ongoing,SRC-1145; SRC-0771,Protect Democracy Retaliatory Actions Tracker,active-defined-predicate,"Final merits ruling, controlling threshold decision, dismissal, settlement or withdrawal, or another material change in posture.",2026-07-15,Ongoing reported retaliation episode retained for defined posture monitoring.
MON-0169,TAC-RAT2-010,EP-6137BC5D4012,RET-001,John Bolton Former National Security Advisor,tracker status: Ongoing,SRC-0771,Protect Democracy Retaliatory Actions Tracker,active-defined-predicate,"Final merits ruling, controlling threshold decision, dismissal, settlement or withdrawal, or another material change in posture.",2026-07-15,Ongoing reported retaliation episode retained for defined posture monitoring.
MON-0170,TAC-RAT2-011,EP-EDD39ABCB0F9,RET-001,Lisa Cook Federal Reserve Governor,tracker status: Ongoing,SRC-0771,Protect Democracy Retaliatory Actions Tracker,active-defined-predicate,"Final merits ruling, controlling threshold decision, dismissal, settlement or withdrawal, or another material change in posture.",2026-07-15,Ongoing reported retaliation episode retained for defined posture monitoring.
MON-0171,TAC-RAT2-013,EP-5BA3B642929B,RET-001,John O. Brennan Former C.I.A. Director,tracker status: Ongoing,SRC-0771,Protect Democracy Retaliatory Actions Tracker,active-defined-predicate,"Final merits ruling, controlling threshold decision, dismissal, settlement or withdrawal, or another material change in posture.",2026-07-15,Ongoing reported retaliation episode retained for defined posture monitoring.
MON-0172,TAC-RAT2-014,EP-F9DD0DF6E8BE,RET-001,James Comey Former F.B.I. Director Amicus Brief Filed,tracker status: Ongoing,SRC-1146; SRC-0771,Protect Democracy Retaliatory Actions Tracker,active-defined-predicate,"Final merits ruling, controlling threshold decision, dismissal, settlement or withdrawal, or another material change in posture.",2026-07-15,Ongoing reported retaliation episode retained for defined posture monitoring.
MON-0173,TAC-RAT2-022,EP-3A843A6168C5,RET-001,Chris Krebs Former Director of the Cybersecurity and Infrastructure Security Agency at DHS,tracker status: Ongoing,SRC-0771,Protect Democracy Retaliatory Actions Tracker,active-defined-predicate,"Final merits ruling, controlling threshold decision, dismissal, settlement or withdrawal, or another material change in posture.",2026-07-15,Ongoing reported retaliation episode retained for defined posture monitoring.
MON-0174,TAC-RAT2-023,EP-473F3CEC2203,RET-001,Miles Taylor Former Chief of Staff of DHS,tracker status: Ongoing,SRC-0771,Protect Democracy Retaliatory Actions Tracker,active-defined-predicate,"Final merits ruling, controlling threshold decision, dismissal, settlement or withdrawal, or another material change in posture.",2026-07-15,Ongoing reported retaliation episode retained for defined posture monitoring.
MON-0175,HOR-038,ESA-2026-0717,HOR-038,"Endangered Species Act sections 4(d) and 4(b)(2) regulatory changes",finalized regulatory action; litigation not yet identified,SRC-1191; SRC-1192,DOI announcement and U.S. Code,active-defined-predicate,"Final Federal Register text or implementing guidance; a merits or controlling threshold ruling; a listing or critical-habitat decision potentially applying economic considerations outside the statute's assigned role; or evidence of difficult-to-repair loss before ordinary review.",2026-07-18,"Monitoring candidate only. Preserve the distinction between science-only listing determinations and the expressly authorized consideration of economic and related impacts in critical-habitat exclusions."
MON-0176,DOM005-MN-2026,DOM005-MN-ACCESS,DOM-005,"Minnesota state and local evidence-access litigation concerning the Good, Pretti, and Sosa-Celis incidents","D.D.C. action pending; reported production occurred before a merits ruling; the final scope of access and legal disposition remain unresolved.","SRC-0596; SRC-0598; SRC-0600; SRC-0602; SRC-0603; SRC-0610",official State statements and D.D.C. filing,active-defined-predicate,"D.D.C. merits or controlling threshold ruling; dismissal, settlement, or withdrawal; public production or disclosure clarifying the access record; or a documented change in the Federal or State evidence-access posture.",2026-07-18,"The official State materials document the State's stated access posture. The amended complaint states allegations and asserted legal grounds; it is not treated as an adjudicated finding."
MON-0177,DOM005-ME-2026,DOM005-ME-INCIDENT,DOM-005,"Biddeford, Maine, fatal shooting involving an ICE agent","Reported incident; the State and Federal investigative scope and evidence-access posture are not yet established in the public record.","SRC-0583; SRC-0586; SRC-0587",Associated Press reporting and Maine statutes,active-defined-predicate,"Official incident record; State or Federal investigative-jurisdiction decision; public evidence-disclosure decision; charging or declination decision; or judicial ruling bearing on investigative access or Federal-officer immunity.",2026-07-18,"The report is used only to identify the incident and the unresolved factual question. It does not establish the accuracy or inaccuracy of any party's account."
MON-0178,DOM005-TX-2026,DOM005-TX-COMPARATOR,DOM-005,"Texas critical-incident comparison: Martinez evidence record and Salgado Araujo investigative access","The Martinez grand-jury no-bill was reported; the Houston incident's public evidence and investigative-access posture remains developing.","SRC-0605; SRC-0606; SRC-0609",Associated Press reporting,active-defined-predicate,"Official Texas Rangers or prosecutor record clarifying the Martinez evidence path; official Houston investigative, identification, or evidence-access record; charging or declination decision; or judicial ruling bearing on access or immunity.",2026-07-18,"Use the Texas records as constrained comparators. Delayed public disclosure, state investigative access, and the legality of force remain analytically distinct questions."
